vehicle_id,status
VEH001,in_workshop
VEH002,in_workshop
VEH003,available
VEH004,in_workshop
VEH005,in_workshop
VEH006,available
VEH007,available
VEH008,available
VEH009,available
VEH010,available
VEH011,available
VEH012,in_workshop
VEH013,available
VEH014,available
VEH015,available
VEH016,in_workshop
VEH017,available
VEH018,available
VEH019,available
VEH020,available
VEH021,in_workshop
VEH022,in_workshop
VEH023,available
VEH024,available
VEH025,available
VEH026,in_workshop
VEH027,available
VEH028,available
VEH029,available
VEH030,available
VEH031,available
VEH032,available
VEH033,available
VEH034,available
VEH035,in_workshop
VEH036,available
VEH037,available
VEH038,available
