order_ref,outlet_id,temp_requirement,order_units,order_weight_kg,order_volume_m3,deferred_yesterday,days_since_last_served,depot
S1-000,OUT001,ambient,12,97.8,0.5,0,1,Peliyagoda
S1-001,OUT001,chilled,80,448.6,2.445,0,2,Peliyagoda
S1-002,OUT002,ambient,18,130.9,0.666,0,2,Peliyagoda
S1-003,OUT002,chilled,38,329.0,1.843,0,1,Peliyagoda
S1-004,OUT003,ambient,28,160.6,0.87,0,1,Peliyagoda
S1-005,OUT003,chilled,42,318.1,1.725,0,2,Peliyagoda
S1-006,OUT004,ambient,40,305.6,1.686,0,1,Peliyagoda
S1-007,OUT004,chilled,74,567.7,2.925,0,1,Peliyagoda
S1-008,OUT005,ambient,102,751.8,3.631,0,1,Peliyagoda
S1-009,OUT005,chilled,250,1696.6,10.09,0,2,Peliyagoda
S1-010,OUT006,ambient,105,798.7,4.373,0,2,Peliyagoda
S1-011,OUT007,ambient,169,1045.8,5.697,0,1,Peliyagoda
S1-012,OUT007,chilled,262,1991.0,11.722,0,2,Peliyagoda
S1-013,OUT008,ambient,53,401.2,2.18,0,1,Peliyagoda
S1-014,OUT008,chilled,102,713.9,4.003,0,1,Peliyagoda
S1-015,OUT009,ambient,42,333.7,1.995,0,1,Peliyagoda
S1-016,OUT009,chilled,230,1241.3,6.944,0,1,Peliyagoda
S1-017,OUT010,ambient,57,414.6,2.59,0,2,Peliyagoda
S1-018,OUT011,ambient,83,564.5,2.638,0,2,Peliyagoda
S1-019,OUT012,ambient,71,464.1,2.479,0,2,Peliyagoda
S1-020,OUT013,ambient,180,1265.2,6.274,1,2,Peliyagoda
S1-021,OUT013,chilled,234,2007.0,9.898,0,1,Peliyagoda
S1-022,OUT014,ambient,56,357.2,1.899,0,2,Peliyagoda
S1-023,OUT022,ambient,8,1695.8,5.39,1,5,Peliyagoda
S1-024,OUT023,ambient,4,896.0,2.741,0,1,Peliyagoda
S1-025,OUT024,ambient,7,1566.3,4.653,1,5,Peliyagoda
S1-026,OUT025,ambient,49,265.4,1.473,0,2,Peliyagoda
S1-027,OUT026,ambient,52,420.8,2.304,0,1,Peliyagoda
S1-028,OUT026,chilled,170,1190.1,6.368,0,2,Peliyagoda
S1-029,OUT027,ambient,62,376.0,1.994,0,2,Peliyagoda
S1-030,OUT028,ambient,77,554.1,2.831,0,2,Peliyagoda
S1-031,OUT028,chilled,182,1209.9,6.883,0,2,Peliyagoda
S1-032,OUT029,ambient,86,588.5,3.015,0,2,Peliyagoda
S1-033,OUT029,chilled,131,1036.8,6.227,0,1,Peliyagoda
S1-034,OUT030,ambient,73,545.4,2.759,0,1,Peliyagoda
S1-035,OUT030,chilled,230,1202.9,7.427,0,2,Peliyagoda
S1-036,OUT031,ambient,175,1160.0,6.652,0,2,Peliyagoda
S1-037,OUT032,ambient,131,820.7,4.652,0,1,Peliyagoda
S1-038,OUT032,chilled,400,2836.8,14.41,1,2,Peliyagoda
S1-039,OUT033,ambient,84,610.7,3.502,0,1,Peliyagoda
S1-040,OUT034,ambient,84,664.3,3.378,0,1,Peliyagoda
S1-041,OUT034,chilled,192,1257.9,6.742,1,2,Peliyagoda
S1-042,OUT040,ambient,90,618.1,3.427,0,1,Peliyagoda
S1-043,OUT041,ambient,61,416.4,2.13,0,1,Peliyagoda
S1-044,OUT042,ambient,127,1020.6,5.225,0,1,Peliyagoda
S1-045,OUT043,ambient,41,225.5,1.332,1,3,Peliyagoda
S1-046,OUT043,chilled,115,951.0,5.075,0,2,Peliyagoda
S1-047,OUT044,ambient,59,419.5,2.218,0,1,Peliyagoda
S1-048,OUT044,chilled,112,907.2,5.024,0,1,Peliyagoda
S1-049,OUT045,ambient,52,333.1,1.914,0,1,Peliyagoda
S1-050,OUT046,ambient,42,286.6,1.631,1,3,Peliyagoda
S1-051,OUT046,chilled,176,1072.0,5.933,0,1,Peliyagoda
S1-052,OUT050,ambient,54,524.9,2.592,0,2,Peliyagoda
S1-053,OUT051,ambient,35,294.5,1.375,0,2,Peliyagoda
S1-054,OUT052,ambient,101,578.7,3.791,0,1,Peliyagoda
S1-055,OUT053,ambient,25,186.0,0.996,0,1,Peliyagoda
S1-056,OUT053,chilled,80,670.7,3.754,0,2,Peliyagoda
S1-057,OUT054,ambient,104,747.3,4.307,0,1,Peliyagoda
S1-058,OUT054,chilled,547,2741.8,16.515,0,1,Peliyagoda
S1-059,OUT055,ambient,74,401.4,2.236,0,2,Peliyagoda
S1-060,OUT056,ambient,31,516.7,7.858,0,1,Peliyagoda
S1-061,OUT057,ambient,59,799.0,11.822,0,1,Peliyagoda
S1-062,OUT059,ambient,93,561.5,3.388,0,2,Peliyagoda
S1-063,OUT060,ambient,60,464.4,2.3,0,1,Peliyagoda
S1-064,OUT060,chilled,186,1277.8,6.784,0,1,Peliyagoda
S1-065,OUT061,ambient,66,461.0,2.23,0,1,Peliyagoda
S1-066,OUT062,ambient,89,678.1,3.425,0,2,Peliyagoda
S1-067,OUT062,chilled,128,930.2,5.194,0,1,Peliyagoda
S1-068,OUT063,ambient,29,469.2,7.494,1,5,Peliyagoda
S1-069,OUT064,ambient,3,477.9,1.55,0,1,Peliyagoda
S1-070,OUT065,ambient,76,505.3,2.598,0,1,Peliyagoda
S1-071,OUT065,chilled,298,2218.9,12.035,0,1,Peliyagoda
S1-072,OUT066,ambient,58,382.5,2.095,0,1,Peliyagoda
S1-073,OUT066,chilled,163,1049.3,5.766,0,1,Peliyagoda
S1-074,OUT067,ambient,64,433.8,2.349,0,1,Peliyagoda
S1-075,OUT067,chilled,221,1325.1,7.238,0,2,Peliyagoda
S1-076,OUT068,ambient,53,426.1,2.032,0,2,Peliyagoda
S1-077,OUT069,ambient,67,504.2,2.482,0,1,Peliyagoda
S1-078,OUT070,ambient,42,2561.6,40.66,0,2,Peliyagoda
S1-079,OUT071,ambient,34,531.8,9.379,1,5,Peliyagoda
S1-080,OUT072,ambient,6,1006.3,3.72,0,1,Peliyagoda
S1-081,OUT073,ambient,63,402.3,2.38,0,1,Peliyagoda
S1-082,OUT074,ambient,69,532.1,2.618,0,1,Peliyagoda
S1-083,OUT074,chilled,205,1588.8,8.659,1,5,Peliyagoda
S1-084,OUT075,ambient,40,336.9,1.859,0,1,Peliyagoda
K1-000,OUT076,ambient,34,255.1,1.306,0,1,Kandy
K1-001,OUT076,chilled,22,176.2,0.918,0,1,Kandy
K1-002,OUT077,ambient,26,131.4,0.76,0,1,Kandy
K1-003,OUT077,chilled,17,122.5,0.709,0,1,Kandy
K1-004,OUT078,ambient,37,316.5,1.636,0,1,Kandy
K1-005,OUT079,ambient,24,197.1,0.998,0,1,Kandy
K1-006,OUT080,ambient,32,205.5,1.099,0,1,Kandy
K1-007,OUT080,chilled,28,207.9,1.183,0,1,Kandy
K1-008,OUT081,ambient,28,215.5,1.103,0,1,Kandy
K1-009,OUT082,ambient,31,221.7,1.24,0,1,Kandy
K1-010,OUT082,chilled,15,164.9,0.828,0,1,Kandy
K1-011,OUT083,ambient,29,192.1,1.028,0,1,Kandy
K1-012,OUT083,chilled,37,194.7,1.118,0,1,Kandy
K1-013,OUT084,ambient,50,348.2,2.074,0,1,Kandy
K1-014,OUT084,chilled,58,455.2,2.286,0,1,Kandy
K1-015,OUT085,ambient,93,609.2,3.01,0,1,Kandy
K1-016,OUT085,chilled,152,963.8,5.059,0,1,Kandy
K1-017,OUT086,ambient,50,389.3,1.966,0,1,Kandy
K1-018,OUT086,chilled,95,598.2,3.112,0,1,Kandy
K1-019,OUT087,ambient,67,468.4,2.466,0,1,Kandy
K1-020,OUT096,ambient,54,355.4,1.665,0,1,Kandy
K1-021,OUT096,chilled,31,276.9,1.35,0,1,Kandy
K1-022,OUT097,ambient,108,739.2,4.139,0,1,Kandy
K1-023,OUT098,ambient,139,679.5,3.847,0,1,Kandy
K1-024,OUT098,chilled,102,720.7,3.778,0,1,Kandy
K1-025,OUT099,ambient,117,701.0,3.832,0,1,Kandy
K1-026,OUT100,ambient,137,939.2,4.771,0,1,Kandy
K1-027,OUT101,ambient,55,472.1,2.47,0,1,Kandy
K1-028,OUT101,chilled,80,677.3,3.11,0,1,Kandy
K1-029,OUT104,ambient,63,570.7,2.696,0,1,Kandy
K1-030,OUT104,chilled,57,321.5,1.845,0,1,Kandy
K1-031,OUT105,ambient,51,395.8,2.105,0,1,Kandy
K1-032,OUT106,ambient,90,560.1,3.322,0,1,Kandy
K1-033,OUT107,ambient,83,553.6,2.998,0,1,Kandy
K1-034,OUT107,chilled,86,538.4,2.95,0,1,Kandy
K1-035,OUT108,ambient,69,605.5,2.962,0,1,Kandy
K1-036,OUT110,ambient,62,459.8,2.379,0,1,Kandy
K1-037,OUT111,ambient,26,206.0,1.329,0,1,Kandy
K1-038,OUT111,chilled,30,235.9,1.3,0,1,Kandy
K1-039,OUT112,ambient,152,1023.2,4.71,0,1,Kandy
K1-040,OUT112,chilled,82,559.8,2.858,0,1,Kandy
K1-041,OUT113,ambient,107,909.0,4.537,0,1,Kandy
K1-042,OUT115,ambient,22,4563.2,13.615,0,2,Kandy
K1-043,OUT116,ambient,111,796.9,4.258,0,1,Kandy
K1-044,OUT116,chilled,61,422.8,2.323,0,1,Kandy
K1-045,OUT117,ambient,141,891.4,5.015,0,1,Kandy
K1-046,OUT117,chilled,131,1060.5,5.608,0,1,Kandy
K1-047,OUT118,ambient,154,937.6,4.872,0,1,Kandy
K1-048,OUT118,chilled,128,781.4,4.8,0,1,Kandy
K1-049,OUT119,ambient,87,488.4,2.822,0,1,Kandy
K1-050,OUT119,chilled,111,662.9,3.483,0,1,Kandy
