depot,iso_year,iso_week,forecast_total_m3,forecast_chilled_m3
Peliyagoda,2026,14,1264.7,408.5
Peliyagoda,2026,15,1708.0,530.2
Peliyagoda,2026,16,794.0,244.7
Peliyagoda,2026,17,1219.2,387.0
Peliyagoda,2026,18,1009.9,326.6
Peliyagoda,2026,19,1301.5,423.2
Peliyagoda,2026,20,1227.3,403.4
Peliyagoda,2026,21,1176.5,382.2
Peliyagoda,2026,22,1216.1,396.4
Peliyagoda,2026,23,1273.6,414.9
Kandy,2026,14,672.5,204.2
Kandy,2026,15,920.6,279.2
Kandy,2026,16,433.0,135.7
Kandy,2026,17,649.6,207.9
Kandy,2026,18,502.2,166.2
Kandy,2026,19,731.9,230.9
Kandy,2026,20,616.7,198.6
Kandy,2026,21,614.7,192.9
Kandy,2026,22,684.2,209.7
Kandy,2026,23,674.7,216.6
