vehicle_id,km_mon_thu,fuel_used_l
VEH001,985.3,209.6
VEH002,1283.8,210.5
VEH003,729.4,155.2
VEH004,810.4,184.2
VEH005,426.0,96.8
VEH006,225.2,51.2
VEH007,1144.9,178.9
VEH008,1384.8,195.0
VEH009,0.0,0.0
VEH010,0.0,0.0
VEH011,0.0,0.0
VEH012,184.8,27.2
VEH013,0.0,0.0
VEH014,0.0,0.0
VEH015,1461.5,205.8
VEH016,923.7,130.1
VEH017,1024.9,144.4
VEH018,1190.6,167.7
VEH019,0.0,0.0
VEH020,0.0,0.0
VEH021,43.0,6.3
VEH022,0.0,0.0
VEH023,0.0,0.0
VEH024,0.0,0.0
VEH025,590.3,83.1
VEH026,0.0,0.0
VEH027,410.9,57.9
VEH028,0.0,0.0
VEH029,0.0,0.0
VEH030,0.0,0.0
VEH031,0.0,0.0
VEH032,0.0,0.0
VEH033,0.0,0.0
VEH034,291.5,41.1
VEH035,60.8,5.9
VEH036,26.4,2.6
VEH037,131.2,11.4
VEH038,0.0,0.0
VEH039,561.8,112.4
VEH040,1006.8,214.2
VEH041,1071.8,167.5
VEH042,201.5,40.3
VEH043,544.9,115.9
VEH044,854.4,125.6
VEH045,550.0,80.9
VEH046,1615.7,227.6
VEH047,0.0,0.0
VEH048,377.0,55.4
VEH049,14.3,2.1
VEH050,0.0,0.0
VEH051,0.0,0.0
VEH052,0.0,0.0
VEH053,0.0,0.0
VEH054,0.0,0.0
VEH055,0.0,0.0
VEH056,1252.2,176.4
VEH057,129.0,12.5
VEH058,0.0,0.0
VEH059,203.4,18.8
VEH060,14.6,1.4
